{"cameraMode":{"drawMode":0,"name":"Shaded","section":"Shading Mode"},"sceneLighting":true,"audioPlay":false,"sceneViewState":{"m_AlwaysRefresh":false,"showFog":true,"showSkybox":true,"showFlares":true,"showImageEffects":true,"showParticleSystems":true,"showVisualEffectGraphs":true,"m_FxEnabled":true},"in2DMode":false,"pivot":{"x":70.46318054199219,"y":15.894421577453614,"z":169.51034545898438},"rotation":{"x":0.010802256874740124,"y":-0.008386872708797455,"z":-0.00009638450137572363,"w":-0.9999200105667114},"size":21.655988693237306,"orthographic":false}